{
"lengthUnit": "mil",
"components": {
	"fields": ["COMPONENT_NO", "COMPONENT_NAME", "LAYER", "X_COORDINATE", "Y_COORDINATE", "ANGLE"],
	"rows": [
		[1, "C1", "B", 1345, -1495, 180],
		[2, "C2", "B", 1510, -1015, 135],
		[3, "C3", "B", 1365, -930, 0],
		[4, "C4", "B", 310, -235, 270],
		[5, "C5", "B", 439.14, -233.42, 270],
		[6, "C8", "B", 895, -1105, 135],
		[7, "C9", "B", 1025, -1100, 270],
		[8, "C10", "B", 1085, -890, 90],
		[9, "C11", "B", 1930.55, -897.88, 180],
		[10, "C12", "B", 1689.27, -1425.54, 180],
		[11, "C13", "B", 2215.55, -897.88, 180],
		[12, "C14", "B", 3295, -2515, 295],
		[13, "D1", "B", 1250, -840, 0],
		[14, "D2", "B", 3100, -340, 270],
		[15, "D3", "B", 330, -1045, 45],
		[16, "F1", "B", 1525, -1605, 90],
		[17, "L1", "B", 3765, -2395, 20],
		[18, "L2", "B", 2065.55, -1172.88, 90],
		[19, "LED1", "B", 265, -65, 0],
		[20, "LED2", "B", 460, -65, 0],
		[21, "LED4", "B", 1425, -845, 180],
		[22, "LED5", "B", 1633.51, -847.13, 180],
		[23, "LED6", "B", 2730, -2770, 20],
		[24, "LED7", "B", 2700, -2685, 20],
		[25, "R2", "B", 2274.3, -1123.05, 0],
		[26, "R3", "B", 230, -235, 90],
		[27, "R4", "B", 523.95, -229.52, 270],
		[28, "R5", "B", 2555, -845, 0],
		[29, "R6", "B", 1205, -925, 180],
		[30, "R7", "B", 1632.25, -936.33, 0],
		[31, "R8", "B", 2880, -2715, 200],
		[32, "R9", "B", 2850, -2630, 200],
		[33, "R10", "B", 1840.55, -1047.88, 0],
		[34, "R11", "B", 1690.55, -1047.88, 0],
		[35, "R14", "B", 3365, -2415, 300],
		[36, "R15", "B", 3755, -2245, 195],
		[37, "R16", "B", 1500, -1400, 45],
		[38, "SW1", "B", 90, -130, 270],
		[39, "SW2", "B", 90, -360, 270],
		[40, "SW3", "B", 2790, -80, 180],
		[41, "U1", "B", 4025, -2070, 90],
		[42, "U2", "B", 1310, -1200, 135],
		[43, "U4", "B", 275, -1455, 315],
		[44, "U6", "B", 3100, -2585, 110],
		[45, "U7", "B", 3580, -2465, 200],
		[46, "U8", "B", 1765.55, -1237.88, 180],
		[47, "U9", "B", 890, -910, 90],
		[48, "PAD1", "B", 3100, -205, 0],
		[49, "PAD2", "B", 3100, -475, 0],
		[50, "PAD3", "B", 440, -935, 0],
		[51, "PAD4", "B", 210, -1155, 0],
		[52, "PAD5", "B", 2391.39, -1005.17, 0],
		[53, "PAD6", "B", 2464.18, -901.5, 0],
		[54, "PAD7", "B", 2427.79, -953.34, 0],
		[55, "PAD8", "B", 2355, -1057, 0],
		[56, "PAD9", "B", 3425, -2321, 0],
		[57, "PAD10", "B", 3481.85, -2293.08, 0],
		[58, "PAD11", "B", 3538.7, -2265.16, 0],
		[59, "PAD12", "B", 3595.54, -2237.24, 0]
	]
},
"pins": {
	"fields": ["PIN_NO", "PIN_NAME", "PIN_X", "PIN_Y", "LAYER", "PIN_TYPE", "NET_NAME", "NET_TYPE", "PAD_SHAPE", "PAD_SIZEX", "PAD_SIZEY", "HOLE_SIZE", "PAD_ANGLE"],
	"rows": [
		[1, "C1_1", 1384.37, -1495, "B", "SMD", "GND", "GND", "R", 55.51, 53.15, 0, 180],
		[2, "C1_2", 1305.63, -1495, "B", "SMD", "+5V", "", "R", 55.51, 53.15, 0, 180],
		[3, "C2_1", 1537.84, -1042.84, "B", "SMD", "GND", "GND", "R", 55.51, 53.15, 0, 135],
		[4, "C2_2", 1482.16, -987.16, "B", "SMD", "+5V", "", "R", 55.51, 53.15, 0, 135],
		[5, "C3_1", 1325.63, -930, "B", "SMD", "GND", "GND", "R", 55.51, 53.15, 0, 0],
		[6, "C3_2", 1404.37, -930, "B", "SMD", "+5V", "", "R", 55.51, 53.15, 0, 0],
		[7, "C4_1", 310, -195.63, "B", "SMD", "+5V", "", "R", 55.51, 53.15, 0, 270],
		[8, "C4_2", 310, -274.37, "B", "SMD", "GND", "GND", "R", 55.51, 53.15, 0, 270],
		[9, "C5_1", 439.14, -194.05, "B", "SMD", "+5V", "", "R", 55.51, 53.15, 0, 270],
		[10, "C5_2", 439.14, -272.79, "B", "SMD", "GND", "GND", "R", 55.51, 53.15, 0, 270],
		[11, "C8_1", 922.84, -1132.84, "B", "SMD", "GND", "GND", "R", 55.51, 53.15, 0, 135],
		[12, "C8_2", 867.16, -1077.16, "B", "SMD", "+5V", "", "R", 55.51, 53.15, 0, 135],
		[13, "C9_1", 1025, -1060.63, "B", "SMD", "VINT", "", "R", 55.51, 53.15, 0, 270],
		[14, "C9_2", 1025, -1139.37, "B", "SMD", "GND", "GND", "R", 55.51, 53.15, 0, 270],
		[15, "C10_1", 1085, -929.37, "B", "SMD", "+5V", "", "R", 55.51, 53.15, 0, 90],
		[16, "C10_2", 1085, -850.63, "B", "SMD", "VCP", "", "R", 55.51, 53.15, 0, 90],
		[17, "C11_1", 2065.86, -897.88, "B", "SMD", "+5V", "", "R", 86.02, 102.05, 0, 0],
		[18, "C11_2", 1795.25, -897.88, "B", "SMD", "GND", "GND", "R", 86.02, 102.05, 0, 0],
		[19, "C12_1", 1749.01, -1425.54, "B", "SMD", "GND", "GND", "R", 64.37, 106.3, 0, 180],
		[20, "C12_2", 1629.53, -1425.54, "B", "SMD", "$3N396", "", "R", 64.37, 106.3, 0, 180],
		[21, "C13_1", 2254.93, -897.88, "B", "SMD", "GND", "GND", "R", 55.51, 53.15, 0, 180],
		[22, "C13_2", 2176.18, -897.88, "B", "SMD", "+5V", "", "R", 55.51, 53.15, 0, 180],
		[23, "C14_1", 3278.36, -2479.32, "B", "SMD", "GND", "GND", "R", 55.51, 53.15, 0, 295],
		[24, "C14_2", 3311.64, -2550.68, "B", "SMD", "+5V", "", "R", 55.51, 53.15, 0, 295],
		[25, "D1_1", 1183.37, -840, "B", "SMD", "FAULT", "", "R", 37.4, 45.28, 0, 0],
		[26, "D1_2", 1316.63, -840, "B", "SMD", "$1N2907", "", "R", 37.4, 45.28, 0, 0],
		[27, "D2_1", 3100, -273.37, "B", "SMD", "M2+", "", "R", 37.4, 45.28, 0, 270],
		[28, "D2_2", 3100, -406.63, "B", "SMD", "M2-", "", "R", 37.4, 45.28, 0, 270],
		[29, "D3_1", 282.89, -1092.11, "B", "SMD", "M1+", "", "R", 37.4, 45.28, 0, 45],
		[30, "D3_2", 377.11, -997.89, "B", "SMD", "M1-", "", "R", 37.4, 45.28, 0, 45],
		[31, "F1_1", 1525, -1677.97, "B", "SMD", "VIN", "", "R", 55.38, 137.76, 0, 90],
		[32, "F1_2", 1525, -1532.03, "B", "SMD", "$3N396", "", "R", 55.38, 137.76, 0, 90],
		[33, "L1_1", 3697.48, -2471.95, "B", "SMD", "$5N403", "", "R", 35.43, 55.12, 0, 290],
		[34, "L1_2", 3663.82, -2379.45, "B", "SMD", "$5N429", "", "R", 35.43, 55.12, 0, 290],
		[35, "L1_3", 3832.52, -2318.05, "B", "SMD", "485+", "", "R", 35.43, 55.12, 0, 290],
		[36, "L1_4", 3866.18, -2410.55, "B", "SMD", "485-", "", "R", 35.43, 55.12, 0, 290],
		[37, "L2_1", 2065.55, -1288.04, "B", "SMD", "$3N943", "", "R", 84.65, 133.86, 0, 90],
		[38, "L2_2", 2065.55, -1057.73, "B", "SMD", "+5V", "", "R", 84.65, 133.86, 0, 90],
		[39, "LED1_1", 194.13, -64.51, "B", "SMD", "$1N1561", "", "P", 39.37, 47.24, 0, 0],
		[40, "LED1_2", 247.28, -65.5, "B", "SMD", "+5V", "", "P", 27.56, 47.24, 0, 0],
		[41, "LED1_3", 287.63, -65.5, "B", "SMD", "$1N1767", "", "P", 17.72, 47.24, 0, 0],
		[42, "LED1_4", 335.87, -65.49, "B", "SMD", "GND", "GND", "P", 39.38, 47.24, 0, 0],
		[43, "LED2_1", 389.13, -64.51, "B", "SMD", "$1N1767", "", "P", 39.37, 47.24, 0, 0],
		[44, "LED2_2", 442.28, -65.5, "B", "SMD", "+5V", "", "P", 27.56, 47.24, 0, 0],
		[45, "LED2_3", 482.63, -65.5, "B", "SMD", "$1N1887", "", "P", 17.72, 47.24, 0, 0],
		[46, "LED2_4", 530.87, -65.49, "B", "SMD", "GND", "GND", "P", 39.38, 47.24, 0, 0],
		[47, "LED4_1", 1468.31, -845, "B", "SMD", "GND", "GND", "R", 39.37, 49.21, 0, 0],
		[48, "LED4_2", 1381.69, -845, "B", "SMD", "$1N2907", "", "R", 39.37, 49.21, 0, 0],
		[49, "LED5_1", 1592.16, -847.13, "B", "SMD", "$1N3068", "", "R", 39.37, 55.1, 0, 0],
		[50, "LED5_2", 1674.86, -847.13, "B", "SMD", "GND", "GND", "R", 39.37, 55.1, 0, 0],
		[51, "LED6_1", 2768.86, -2755.86, "B", "SMD", "$5N858", "", "R", 39.37, 55.1, 0, 200],
		[52, "LED6_2", 2691.14, -2784.14, "B", "SMD", "GND", "GND", "R", 39.37, 55.1, 0, 200],
		[53, "LED7_1", 2738.86, -2670.86, "B", "SMD", "$5N897", "", "R", 39.37, 55.1, 0, 200],
		[54, "LED7_2", 2661.14, -2699.14, "B", "SMD", "GND", "GND", "R", 39.37, 55.1, 0, 200],
		[55, "R2_1", 2234.93, -1123.05, "B", "SMD", "GND", "GND", "R", 44.59, 54.21, 0, 0],
		[56, "R2_2", 2313.67, -1123.05, "B", "SMD", "E1", "", "R", 44.59, 54.21, 0, 0],
		[57, "R3_1", 230, -274.37, "B", "SMD", "RGB", "", "R", 44.59, 54.21, 0, 90],
		[58, "R3_2", 230, -195.63, "B", "SMD", "$1N1561", "", "R", 44.59, 54.21, 0, 90],
		[59, "R4_1", 523.95, -190.15, "B", "SMD", "$1N1887", "", "R", 44.59, 54.21, 0, 270],
		[60, "R4_2", 523.95, -268.89, "B", "SMD", "R4_2", "", "R", 44.59, 54.21, 0, 270],
		[61, "R5_1", 2515.63, -845, "B", "SMD", "L1", "", "R", 44.59, 54.21, 0, 0],
		[62, "R5_2", 2594.37, -845, "B", "SMD", "+5V", "", "R", 44.59, 54.21, 0, 0],
		[63, "R6_1", 1244.37, -925, "B", "SMD", "$1N2907", "", "R", 44.59, 54.21, 0, 180],
		[64, "R6_2", 1165.63, -925, "B", "SMD", "+5V", "", "R", 44.59, 54.21, 0, 180],
		[65, "R7_1", 1592.88, -936.33, "B", "SMD", "$1N3068", "", "R", 44.59, 54.21, 0, 0],
		[66, "R7_2", 1671.62, -936.33, "B", "SMD", "+5V", "", "R", 44.59, 54.21, 0, 0],
		[67, "R8_1", 2917, -2701.53, "B", "SMD", "RO", "", "R", 44.59, 54.21, 0, 200],
		[68, "R8_2", 2843, -2728.47, "B", "SMD", "$5N858", "", "R", 44.59, 54.21, 0, 200],
		[69, "R9_1", 2887, -2616.53, "B", "SMD", "DI", "", "R", 44.59, 54.21, 0, 200],
		[70, "R9_2", 2813, -2643.47, "B", "SMD", "$5N897", "", "R", 44.59, 54.21, 0, 200],
		[71, "R10_1", 1802.51, -1047.88, "B", "SMD", "FB", "", "R", 44.59, 54.21, 0, 0],
		[72, "R10_2", 1878.6, -1047.88, "B", "SMD", "+5V", "", "R", 44.59, 54.21, 0, 0],
		[73, "R11_1", 1651.18, -1047.88, "B", "SMD", "GND", "GND", "R", 44.59, 54.21, 0, 0],
		[74, "R11_2", 1729.93, -1047.88, "B", "SMD", "FB", "", "R", 44.59, 54.21, 0, 0],
		[75, "R14_1", 3345.32, -2380.9, "B", "SMD", "L2", "", "R", 44.59, 54.21, 0, 300],
		[76, "R14_2", 3384.68, -2449.1, "B", "SMD", "+5V", "", "R", 44.59, 54.21, 0, 300],
		[77, "R15_1", 3793.03, -2234.81, "B", "SMD", "GND", "GND", "R", 44.59, 54.21, 0, 195],
		[78, "R15_2", 3716.97, -2255.19, "B", "SMD", "E2", "", "R", 44.59, 54.21, 0, 195],
		[79, "R16_1", 1472.16, -1427.84, "B", "SMD", "RESET", "", "R", 44.59, 54.21, 0, 45],
		[80, "R16_2", 1527.84, -1372.16, "B", "SMD", "+5V", "", "R", 44.59, 54.21, 0, 45],
		[81, "SW1_1", 126.12, -64.06, "B", "SMD", "SW1", "", "R", 31.5, 55.12, 0, 270],
		[82, "SW1_2", 126.12, -195.95, "B", "SMD", "GND", "GND", "R", 31.5, 55.12, 0, 270],
		[83, "SW1_3", 53.88, -41.42, "B", "SMD", "SW1_3", "", "R", 31.5, 47.24, 0, 270],
		[84, "SW1_4", 53.88, -218.58, "B", "SMD", "SW1_4", "", "R", 31.5, 47.24, 0, 270],
		[85, "SW2_1", 126.12, -294.06, "B", "SMD", "SW2", "", "R", 31.5, 55.12, 0, 270],
		[86, "SW2_2", 126.12, -425.95, "B", "SMD", "GND", "GND", "R", 31.5, 55.12, 0, 270],
		[87, "SW2_3", 53.88, -271.42, "B", "SMD", "SW2_3", "", "R", 31.5, 47.24, 0, 270],
		[88, "SW2_4", 53.88, -448.58, "B", "SMD", "SW2_4", "", "R", 31.5, 47.24, 0, 270],
		[89, "SW3_1", 2855.94, -116.12, "B", "SMD", "RESET", "", "R", 31.5, 55.12, 0, 180],
		[90, "SW3_2", 2724.05, -116.12, "B", "SMD", "GND", "GND", "R", 31.5, 55.12, 0, 180],
		[91, "SW3_3", 2878.58, -43.88, "B", "SMD", "SW3_3", "", "R", 31.5, 47.24, 0, 180],
		[92, "SW3_4", 2701.42, -43.88, "B", "SMD", "SW3_4", "", "R", 31.5, 47.24, 0, 180],
		[93, "U1_1", 4025, -2217.64, "B", "SMD", "VIN", "", "R", 62.99, 90.55, 0, 90],
		[94, "U1_2", 4025, -2119.21, "B", "SMD", "485-", "", "R", 62.99, 90.55, 0, 90],
		[95, "U1_3", 4025, -2020.79, "B", "SMD", "485+", "", "R", 62.99, 90.55, 0, 90],
		[96, "U1_4", 4025, -1922.36, "B", "SMD", "GND", "GND", "R", 62.99, 90.55, 0, 90],
		[97, "U2_1", 1266.33, -1399.57, "B", "SMD", "RGB", "", "O", 17.72, 64.96, 0, 135],
		[98, "U2_2", 1244.06, -1377.3, "B", "SMD", "SLEEP", "", "O", 17.72, 64.96, 0, 135],
		[99, "U2_3", 1221.78, -1355.03, "B", "SMD", "U2_3", "", "O", 17.72, 64.96, 0, 135],
		[100, "U2_4", 1199.51, -1332.76, "B", "SMD", "+5V", "", "O", 17.72, 64.96, 0, 135],
		[101, "U2_5", 1177.24, -1310.49, "B", "SMD", "GND", "GND", "O", 17.72, 64.96, 0, 135],
		[102, "U2_6", 1154.97, -1288.22, "B", "SMD", "U2_6", "", "O", 17.72, 64.96, 0, 135],
		[103, "U2_7", 1132.7, -1265.94, "B", "SMD", "U2_7", "", "O", 17.72, 64.96, 0, 135],
		[104, "U2_8", 1110.43, -1243.67, "B", "SMD", "U2_8", "", "O", 17.72, 64.96, 0, 135],
		[105, "U2_9", 1110.08, -1155.97, "B", "SMD", "BIN1", "", "O", 64.96, 17.72, 0, 135],
		[106, "U2_10", 1132.35, -1133.7, "B", "SMD", "BIN2", "", "O", 64.96, 17.72, 0, 135],
		[107, "U2_11", 1154.62, -1111.43, "B", "SMD", "FAULT", "", "O", 64.96, 17.72, 0, 135],
		[108, "U2_12", 1176.89, -1089.16, "B", "SMD", "DRV_FLT", "", "O", 64.96, 17.72, 0, 135],
		[109, "U2_13", 1199.16, -1066.89, "B", "SMD", "AIN1", "", "O", 64.96, 17.72, 0, 135],
		[110, "U2_14", 1221.43, -1044.62, "B", "SMD", "AIN2", "", "O", 64.96, 17.72, 0, 135],
		[111, "U2_15", 1243.7, -1022.35, "B", "SMD", "MOSI", "", "O", 64.96, 17.72, 0, 135],
		[112, "U2_16", 1265.97, -1000.08, "B", "SMD", "MISO", "", "O", 64.96, 17.72, 0, 135],
		[113, "U2_17", 1353.67, -1000.43, "B", "SMD", "CLK", "", "O", 17.72, 64.96, 0, 135],
		[114, "U2_18", 1375.94, -1022.7, "B", "SMD", "+5V", "", "O", 17.72, 64.96, 0, 135],
		[115, "U2_19", 1398.22, -1044.97, "B", "SMD", "U2_19", "", "O", 17.72, 64.96, 0, 135],
		[116, "U2_20", 1420.49, -1067.24, "B", "SMD", "+5V", "", "O", 17.72, 64.96, 0, 135],
		[117, "U2_21", 1442.76, -1089.51, "B", "SMD", "GND", "GND", "O", 17.72, 64.96, 0, 135],
		[118, "U2_22", 1465.03, -1111.78, "B", "SMD", "U2_22", "", "O", 17.72, 64.96, 0, 135],
		[119, "U2_23", 1487.3, -1134.06, "B", "SMD", "SW1", "", "O", 17.72, 64.96, 0, 135],
		[120, "U2_24", 1509.57, -1156.33, "B", "SMD", "SW2", "", "O", 17.72, 64.96, 0, 135],
		[121, "U2_25", 1509.92, -1244.03, "B", "SMD", "E1", "", "O", 64.96, 17.72, 0, 135],
		[122, "U2_26", 1487.65, -1266.3, "B", "SMD", "E2", "", "O", 64.96, 17.72, 0, 135],
		[123, "U2_27", 1465.38, -1288.57, "B", "SMD", "U2_27", "", "O", 64.96, 17.72, 0, 135],
		[124, "U2_28", 1443.11, -1310.84, "B", "SMD", "U2_28", "", "O", 64.96, 17.72, 0, 135],
		[125, "U2_29", 1420.84, -1333.11, "B", "SMD", "RESET", "", "O", 64.96, 17.72, 0, 135],
		[126, "U2_30", 1398.57, -1355.38, "B", "SMD", "RO", "", "O", 64.96, 17.72, 0, 135],
		[127, "U2_31", 1376.3, -1377.65, "B", "SMD", "DI", "", "O", 64.96, 17.72, 0, 135],
		[128, "U2_32", 1354.03, -1399.92, "B", "SMD", "RE", "", "O", 64.96, 17.72, 0, 135],
		[129, "U4_1", 98.22, -1278.22, "T", "DIP", "MISO", "", "R", 62, 62, 35, 315],
		[130, "U4_1", 98.22, -1278.22, "B", "DIP", "MISO", "", "R", 62, 62, 35, 315],
		[131, "U4_2", 168.93, -1348.93, "T", "DIP", "U4_2", "", "C", 62, 62, 35, 315],
		[132, "U4_2", 168.93, -1348.93, "B", "DIP", "U4_2", "", "C", 62, 62, 35, 315],
		[133, "U4_3", 239.64, -1419.64, "T", "DIP", "CLK", "", "C", 62, 62, 35, 315],
		[134, "U4_3", 239.64, -1419.64, "B", "DIP", "CLK", "", "C", 62, 62, 35, 315],
		[135, "U4_4", 310.36, -1490.36, "T", "DIP", "MOSI", "", "C", 62, 62, 35, 315],
		[136, "U4_4", 310.36, -1490.36, "B", "DIP", "MOSI", "", "C", 62, 62, 35, 315],
		[137, "U4_5", 381.07, -1561.07, "T", "DIP", "RESET", "", "C", 62, 62, 35, 315],
		[138, "U4_5", 381.07, -1561.07, "B", "DIP", "RESET", "", "C", 62, 62, 35, 315],
		[139, "U4_6", 451.78, -1631.78, "T", "DIP", "GND", "GND", "C", 62, 62, 35, 315],
		[140, "U4_6", 451.78, -1631.78, "B", "DIP", "GND", "GND", "C", 62, 62, 35, 315],
		[141, "U6_1", 3026.41, -2691.6, "B", "SMD", "RO", "", "O", 24.8, 73.42, 0, 110],
		[142, "U6_2", 3009.31, -2644.61, "B", "SMD", "RE", "", "O", 24.8, 73.42, 0, 110],
		[143, "U6_3", 2992.21, -2597.63, "B", "SMD", "RE", "", "O", 24.8, 73.42, 0, 110],
		[144, "U6_4", 2975.11, -2550.64, "B", "SMD", "DI", "", "O", 24.8, 73.42, 0, 110],
		[145, "U6_5", 3173.59, -2478.4, "B", "SMD", "GND", "GND", "O", 24.8, 73.42, 0, 110],
		[146, "U6_6", 3190.69, -2525.39, "B", "SMD", "$5N429", "", "O", 24.8, 73.42, 0, 110],
		[147, "U6_7", 3207.79, -2572.37, "B", "SMD", "$5N403", "", "O", 24.8, 73.42, 0, 110],
		[148, "U6_8", 3224.89, -2619.36, "B", "SMD", "+5V", "", "O", 24.8, 73.42, 0, 110],
		[149, "U7_1", 3555.8, -2513.61, "B", "SMD", "$5N403", "", "R", 49.21, 27.56, 0, 200],
		[150, "U7_2", 3530.21, -2443.32, "B", "SMD", "$5N429", "", "R", 49.21, 27.56, 0, 200],
		[151, "U7_3", 3617, -2451.53, "B", "SMD", "GND", "GND", "R", 49.21, 27.56, 0, 200],
		[152, "U8_1", 1651.38, -1162.88, "B", "SMD", "FB", "", "O", 23.62, 62.99, 0, 90],
		[153, "U8_2", 1651.38, -1212.88, "B", "SMD", "U8_2", "", "O", 23.62, 62.99, 0, 90],
		[154, "U8_3", 1651.38, -1262.88, "B", "SMD", "U8_3", "", "O", 23.62, 62.99, 0, 90],
		[155, "U8_4", 1651.38, -1312.88, "B", "SMD", "$3N396", "", "O", 23.62, 62.99, 0, 90],
		[156, "U8_5", 1879.72, -1312.88, "B", "SMD", "$3N943", "", "O", 23.62, 62.99, 0, 90],
		[157, "U8_6", 1879.72, -1262.88, "B", "SMD", "$3N943", "", "O", 23.62, 62.99, 0, 90],
		[158, "U8_7", 1879.72, -1212.88, "B", "SMD", "GND", "GND", "O", 23.62, 62.99, 0, 90],
		[159, "U8_8", 1879.72, -1162.88, "B", "SMD", "GND", "GND", "O", 23.62, 62.99, 0, 90],
		[160, "U9_1", 777.79, -999.57, "B", "SMD", "SLEEP", "", "O", 13.78, 51.18, 0, 90],
		[161, "U9_2", 777.79, -973.98, "B", "SMD", "M1+", "", "O", 13.78, 51.18, 0, 90],
		[162, "U9_3", 777.79, -948.39, "B", "SMD", "GND", "GND", "O", 13.78, 51.18, 0, 90],
		[163, "U9_4", 777.79, -922.79, "B", "SMD", "M1-", "", "O", 13.78, 51.18, 0, 90],
		[164, "U9_5", 777.79, -897.2, "B", "SMD", "M2-", "", "O", 13.78, 51.18, 0, 90],
		[165, "U9_6", 777.79, -871.61, "B", "SMD", "GND", "GND", "O", 13.78, 51.18, 0, 90],
		[166, "U9_7", 777.79, -846.02, "B", "SMD", "M2+", "", "O", 13.78, 51.18, 0, 90],
		[167, "U9_8", 777.79, -820.43, "B", "SMD", "DRV_FLT", "", "O", 13.78, 51.18, 0, 90],
		[168, "U9_9", 1002.21, -820.43, "B", "SMD", "BIN1", "", "O", 13.78, 51.18, 0, 90],
		[169, "U9_10", 1002.21, -846.02, "B", "SMD", "BIN2", "", "O", 13.78, 51.18, 0, 90],
		[170, "U9_11", 1002.21, -871.61, "B", "SMD", "VCP", "", "O", 13.78, 51.18, 0, 90],
		[171, "U9_12", 1002.21, -897.2, "B", "SMD", "+5V", "", "O", 13.78, 51.18, 0, 90],
		[172, "U9_13", 1002.21, -922.79, "B", "SMD", "GND", "GND", "O", 13.78, 51.18, 0, 90],
		[173, "U9_14", 1002.21, -948.39, "B", "SMD", "VINT", "", "O", 13.78, 51.18, 0, 90],
		[174, "U9_15", 1002.21, -973.98, "B", "SMD", "AIN2", "", "O", 13.78, 51.18, 0, 90],
		[175, "U9_16", 1002.21, -999.57, "B", "SMD", "AIN1", "", "O", 13.78, 51.18, 0, 90],
		[176, "U9_17", 890, -910, "B", "SMD", "GND", "GND", "R", 107.87, 107.87, 0, 90],
		[177, "PAD1_999", 3100, -205, "B", "SMD", "M2+", "", "R", 78.74, 78.74, 0, 0],
		[178, "PAD2_999", 3100, -475, "B", "SMD", "M2-", "", "R", 78.74, 78.74, 0, 0],
		[179, "PAD3_999", 440, -935, "B", "SMD", "M1-", "", "R", 78.74, 78.74, 0, 90],
		[180, "PAD4_999", 210, -1155, "B", "SMD", "M1+", "", "R", 78.74, 78.74, 0, 90],
		[181, "PAD5_999", 2391.39, -1005.17, "B", "SMD", "GND", "GND", "R", 39.37, 59.06, 0, 234.925],
		[182, "PAD6_999", 2464.18, -901.5, "B", "SMD", "L1", "", "R", 39.37, 59.06, 0, 234.925],
		[183, "PAD7_999", 2427.79, -953.34, "B", "SMD", "+5V", "", "R", 39.37, 59.06, 0, 234.925],
		[184, "PAD8_999", 2355, -1057, "B", "SMD", "E1", "", "R", 39.37, 59.06, 0, 234.925],
		[185, "PAD9_999", 3425, -2321, "B", "SMD", "L2", "", "R", 39.37, 59.06, 0, 26.156],
		[186, "PAD10_999", 3481.85, -2293.08, "B", "SMD", "+5V", "", "R", 39.37, 59.06, 0, 26.156],
		[187, "PAD11_999", 3538.7, -2265.16, "B", "SMD", "GND", "GND", "R", 39.37, 59.06, 0, 26.156],
		[188, "PAD12_999", 3595.54, -2237.24, "B", "SMD", "E2", "", "R", 39.37, 59.06, 0, 26.156]
	]
}
}